Names, N, TSP, TSP*, Error, Time(ns)
burma14, 14, 3568, 3323, 0.073729, 853570
ulysses16, 16, 7602, 6859, 0.108325, 108640
ulysses22, 22, 7706, 7013, 0.098816, 239430
eil51, 51, 492, 426, 0.154930, 2164280
berlin52, 52, 9004, 7542, 0.193848, 2050130
kroA100, 100, 25787, 21282, 0.211681, 14738240
kroD100, 100, 25219, 21294, 0.184324, 14191410
ch150, 150, 7964, 6528, 0.219975, 47014010
gr202, 202, 46706, 40160, 0.162998, 118014130
gr229, 229, 156895, 134602, 0.165622, 184379280
pcb442, 442, 61158, 50778, 0.204419, 1771608140
d493, 493, 41163, 35002, 0.176019, 2089836830
dsj1000, 1000, 22723503, 18659688, 0.217786, 40525539930

853570
108640
239430
2164280
2050130
14738240
14191410
47014010
118014130
184379280
1771608140
2089836830
40525539930

0.073729
0.108325
0.098816
0.154930
0.193848
0.211681
0.184324
0.219975
0.162998
0.165622
0.204419
0.176019
0.217786

3568
7602
7706
492
9004
25787
25219
7964
46706
156895
61158
41163
22723503
