Names, N, TSP, TSP*, Error, Time(ns)
burma14, 14, 4062, 3323, 0.222389, 204822
ulysses16, 16, 7685, 6859, 0.120426, 86550
ulysses22, 22, 8022, 7013, 0.143876, 148621
eil51, 51, 594, 426, 0.394366, 988585
berlin52, 52, 10303, 7542, 0.366083, 751721
kroA100, 100, 28809, 21282, 0.353679, 2368161
kroD100, 100, 27340, 21294, 0.283930, 2555031
ch150, 150, 9077, 6528, 0.390472, 6049426
gr202, 202, 49475, 40160, 0.231947, 11120822
gr229, 229, 170751, 134602, 0.268562, 14244665
pcb442, 442, 74368, 50778, 0.464571, 69636704
d493, 493, 45666, 35002, 0.304668, 82189901
dsj1000, 1000, 25729081, 18659688, 0.378859, 445921915

TSP,
4062
7685
8022
594
10303
28809
27340
9077
49475
170751
74368
45666
25729081

204822
86550
148621
988585
751721
2368161
2555031
6049426
11120822
14244665
69636704
82189901
445921915

0.222389
0.120426
0.143876
0.394366
0.366083
0.353679
0.283930
0.390472
0.231947
0.268562
0.464571
0.304668
