Names, N, TSP, TSP*, Error, Time(ns)
burma14, 14, 4048, 3323, 0.218176, 159389
ulysses16, 16, 9874, 6859, 0.439568, 9705
ulysses22, 22, 8628, 7013, 0.230287, 10940
eil51, 51, 534, 426, 0.253521, 26034
berlin52, 52, 8980, 7542, 0.190666, 23112
kroA100, 100, 26854, 21282, 0.261817, 51804
kroD100, 100, 26947, 21294, 0.265474, 53444
ch150, 150, 8197, 6528, 0.255668, 86503
gr202, 202, 49450, 40160, 0.231325, 133987
gr229, 229, 166150, 134602, 0.234380, 148615
pcb442, 442, 61609, 50778, 0.213301, 487360
d493, 493, 43874, 35002, 0.253471, 561792
dsj1000, 1000, 24630960, 18659688, 0.320009, 2332551

159389
9705
10940
26034
23112
51804
53444
86503
133987
148615
487360
561792
2332551

0.218176
0.439568
0.230287
0.253521
0.190666
0.261817
0.265474
0.255668
0.231325
0.234380
0.213301
0.253471
0.320009

4048
9874
8628
534
8980
26854
26947
8197
49450
166150
61609
43874
24630960
